{
    "name": "NOS - Bulk Picking",
    "description": "",
    "draftVersion": 1,
    "publishedVersion": null,
    "icon": {
        "name": "e907"
    },
    "roles": [
        {
            "name": "Owner",
            "description": "Has full control.",
            "permissions": [
                "version:read:published",
                "version:update",
                "version:publish",
                "application:archive",
                "role:read:any",
                "role:read:self",
                "role:create",
                "role:update",
                "role:delete",
                "session:read:self",
                "session:read:any",
                "session:create",
                "session:update:self",
                "session:update:any",
                "session:media:create:self",
                "session:media:create:any",
                "session:media:archive:self",
                "session:media:archive:any",
                "session:participants:update"
            ],
            "roleId": "6054602450cf9bbbd6e997b8",
            "participants": [],
            "modifiedBy": "4fcfc7b8-69d6-47db-909f-6e010f965e37",
            "modifiedAt": "2021-05-25T13:42:58.741Z"
        },
        {
            "name": "Developer",
            "description": "Can edit the app, run the draft version of the app, and create sessions for the draft app.",
            "permissions": [
                "version:read:published",
                "version:update",
                "role:read:any",
                "role:read:self",
                "session:read:self",
                "session:create",
                "session:update:self",
                "session:media:create:self"
            ],
            "roleId": "6054602450cf9b8affe997b9",
            "participants": [],
            "modifiedBy": "4fcfc7b8-69d6-47db-909f-6e010f965e37",
            "modifiedAt": "2021-05-25T13:42:58.742Z"
        },
        {
            "name": "Manager",
            "description": "Can run the production version of the app, has access to all sessions, and can modify sessions they are a participant of.",
            "permissions": [
                "version:read:published",
                "role:read:any",
                "role:read:self",
                "session:read:self",
                "session:read:any",
                "session:create",
                "session:update:self",
                "session:update:any",
                "session:media:create:self",
                "session:media:create:any",
                "session:participants:update"
            ],
            "roleId": "6054602450cf9b580fe997ba",
            "participants": [],
            "modifiedBy": "4fcfc7b8-69d6-47db-909f-6e010f965e37",
            "modifiedAt": "2021-05-25T08:38:54.528Z"
        },
        {
            "name": "User",
            "description": "Can run the production version of the app and has access to sessions they are a participant of.",
            "permissions": [
                "version:read:published",
                "role:read:any",
                "role:read:self",
                "session:read:self",
                "session:create",
                "session:update:self",
                "session:media:create:self",
                "session:participants:update"
            ],
            "roleId": "6054602450cf9b2d8ae997bb",
            "participants": [],
            "modifiedBy": "4fcfc7b8-69d6-47db-909f-6e010f965e37",
            "modifiedAt": "2021-05-25T13:42:58.745Z"
        }
    ]
}