{
    "version": 1,
    "description": "",
    "comment": "Bug concatenate values resolved",
    "stage": "draft",
    "configuration": {
        "upgradePolicy": "optional"
    },
    "name": "NOS - Bulk Picking",
    "compatibilityVersion": 4,
    "events": [
        {
            "eventType": "open",
            "action": "script",
            "script": {
                "scriptId": "applicationOpen"
            }
        },
        {
            "eventType": "close",
            "action": "script",
            "script": {
                "scriptId": "applicationClose"
            }
        },
        {
            "eventType": "event",
            "action": "script",
            "script": {
                "scriptId": "applicationEvent"
            }
        },
        {
            "eventType": "upgrade",
            "action": "script",
            "script": {
                "scriptId": "applicationUpgrade"
            }
        },
        {
            "eventType": "select",
            "label": "Localizar",
            "icon": {
                "name": ""
            },
            "action": "script",
            "script": {
                "scriptId": "Localizar"
            }
        },
        {
            "eventType": "select",
            "label": "Localizar multiple",
            "icon": {
                "name": ""
            },
            "action": "script",
            "script": {
                "scriptId": "MultipleLocation"
            }
        }
    ],
    "icon": {
        "name": "e907"
    }
}