[{
    "scriptId": "ContinueOrFinishMultipleLocation",
    "version": 1,
    "code": "\r\nif(skylight.session.data.order.length == 0){\r\n  skylight.openView({viewId: \"FinishWorkFlow\",root: true})\r\n}else{\r\n  skylight.openView({viewId: \"WorkFlow\",root: true})\r\n}     ",
    "scriptType": "card"
},{
    "scriptId": "ContinueOrFinishUniqueLocation",
    "version": 1,
    "code": "\r\nif(skylight.session.data.itemsCollected == \"[]\"){\r\n    console.log(\"ieeese que paso wey\")\r\n  if(skylight.session.data.order.length == 0){\r\n       skylight.openView({viewId: \"FinishWorkFlow\",root: true})\r\n  }else{\r\n      skylight.openView({viewId: \"WorkFlow\",root: true})\r\n  }\r\n\r\n}else{\r\n       console.log(\"ieeese dsfds\")\r\n  skylight.openView({viewId: \"UniqueLocation\",root: true})\r\n}     ",
    "scriptType": "card"
},{
    "scriptId": "CorrectQuantity",
    "version": 1,
    "code": "const {order, selectedItem} = skylight.session.data; \r\n\r\nglobal.shared.nextPickItem(null);\r\n\r\n\r\n\r\n    ",
    "scriptType": "card"
},{
    "scriptId": "FinishWorkFlow",
    "version": 1,
    "code": "await global.shared.pickWalkEnd()\r\n",
    "scriptType": "card"
},{
    "scriptId": "GoBack",
    "version": 1,
    "code": "let data = skylight.session.data.order;\r\n\r\nif(data.length != 0){\r\n  skylight.openView({viewId: \"WorkFlow\",root: true});   \r\n}else{\r\n  await skylight.openView({viewId: \"ItemsPendingLocated\",root: true})\r\n}",
    "scriptType": "card"
},{
    "scriptId": "Localizar",
    "version": 1,
    "code": "skylight.openView({viewId: \"UniqueLocation\",root: true})",
    "scriptType": "application"
},{
    "scriptId": "LocationAdapter",
    "version": 1,
    "code": "const values = skylight.session.data.itemsWithLocation;\r\nconst location =  skylight.session.data.itemsWithLocation[values.length - 1].posiDest;\r\nconst timer = 3000;\r\n\r\nif(skylight.session.data.itemsCollected == \"[]\"){\r\n    \r\n  if(skylight.session.data.order.length == 0){\r\n    setTimeout(function(){  skylight.openView({viewId: \"FinishWorkFlow\",root: true}) }, timer);\r\n  }else{\r\n    setTimeout(function(){  skylight.openView({viewId: \"WorkFlow\",root: true}) }, timer);\r\n  }\r\n\r\n}else{\r\n  setTimeout(function(){  skylight.openView({viewId: \"UniqueLocation\",root: true}) }, timer);\r\n}     \r\n\r\nreturn [{lastLocation:location}]\r\n\r\n",
    "scriptType": "adapter"
},{
    "scriptId": "MultipleLocation",
    "version": 1,
    "code": "skylight.openView({viewId: \"MultipleLocation\",root: true})",
    "scriptType": "application"
},{
    "scriptId": "MultipleLocationAdapter",
    "version": 1,
    "code": "const values = skylight.session.data.itemsWithLocation;\r\nconst location =  skylight.session.data.itemsWithLocation[values.length - 1].posiDest;\r\n\r\n\r\nreturn [{lastLocation:location}]\r\n\r\n",
    "scriptType": "adapter"
},{
    "scriptId": "NoLocation",
    "version": 1,
    "code": "\r\nawait global.shared.noLocation();\r\n",
    "scriptType": "card"
},{
    "scriptId": "OpenViewMultipleLocation",
    "version": 1,
    "code": "skylight.openView({viewId: \"MultipleLocation\",root: true})",
    "scriptType": "card"
},{
    "scriptId": "OpenViewUniqueLocation",
    "version": 1,
    "code": "skylight.openView({viewId: \"UniqueLocation\",root: true})",
    "scriptType": "card"
},{
    "scriptId": "OpenViewWorkFlow",
    "version": 1,
    "code": "\r\nif(skylight.network.connected){     \r\n    skylight.openView({viewId: \"WorkFlow\",root: true})    \r\n}else{\r\n    skylight.openView({viewId: \"NotFoundDataConnector\",root: true})\r\n}",
    "scriptType": "card"
},{
    "scriptId": "PickWalkAdapter",
    "version": 1,
    "code": "const { order,selectedItem } = skylight.session.data  //Recogemos los items de la session\r\n\r\n\r\nreturn selectedItem",
    "scriptType": "adapter"
},{
    "scriptId": "RingMultipleLocation",
    "version": 1,
    "code": "let { bluetoothInput: scannedUpc } = event\r\n\r\ntry{\r\n\r\n    await global.shared.multipleLocation(scannedUpc.toUpperCase())\r\n\r\n}catch (error){\r\n\r\n}",
    "scriptType": "view"
},{
    "scriptId": "RingUniqueLocation",
    "version": 1,
    "code": "let { bluetoothInput: scannedUpc } = event\r\n\r\ntry{    \r\n    await global.shared.uniqueLocation(scannedUpc.toUpperCase())\r\n}catch (error){\r\n\r\n}",
    "scriptType": "view"
},{
    "scriptId": "ScanMultipleLocation",
    "version": 1,
    "code": "try{\r\n\r\n    let answ = await global.shared.scan()\r\n    await global.shared.multipleLocation(answ)\r\n\r\n}catch (error){\r\n\r\n}\r\n",
    "scriptType": "card"
},{
    "scriptId": "ScanUniqueLocation",
    "version": 1,
    "code": "try{\r\n\r\n    let answ = await global.shared.scan()\r\n    await global.shared.uniqueLocation(answ)\r\n  \r\n}catch (error){\r\n\r\n}\r\n",
    "scriptType": "card"
},{
    "scriptId": "SessionFoundContinue",
    "version": 1,
    "code": "let data = skylight.session.data.order;\r\nlet itemsCollected = skylight.session.data.itemsCollected;\r\n\r\nif(itemsCollected != 0 && data.length == 0){  \r\n  await skylight.openView({viewId: \"UniqueLocation\", root: true})\r\n\r\n}else if(data.length != 0){\r\n  skylight.openView({viewId: \"WorkFlow\",root: true});  \r\n   \r\n}else{\r\n  await skylight.openView({viewId: \"ItemsPendingLocated\",root: true})\r\n}",
    "scriptType": "card"
},{
    "scriptId": "SkipItemCard",
    "version": 1,
    "code": "await global.shared.skipItem();",
    "scriptType": "card"
},{
    "scriptId": "WrongQuantity",
    "version": 1,
    "code": "const selectedItem = skylight.session.data.selectedItem[0] \r\n\r\ntry{\r\n\r\n  let answ = await global.shared.startQtyInput(\"Que quantidade foi coletada?\",selectedItem.quantidade);\r\n   \r\n  if(answ == selectedItem.quantidade){\r\n\r\n    global.shared.showWarningSnackbar(\"Se a quantidade estiver correta, diga 'continuar'\")\r\n\r\n  }else if(answ <= 0  || answ > selectedItem.quantidade){\r\n\r\n    global.shared.showErrorSnackbar(\"Por favor coloque uma quantidade correta\")\r\n    \r\n  }else{\r\n    global.shared.nextPickItem(answ);\r\n  }\r\n\r\n}catch(error){\r\n  //nothing to do\r\n}\r\n\r\n\r\n\r\n",
    "scriptType": "card"
},{
    "scriptId": "applicationClose",
    "version": 1,
    "code": "   var  listItemsCollected = skylight.session.data.itemsCollected;\r\n    var itemsWithLocation = skylight.session.data.itemsWithLocation;\r\n    var listSkipedItems = skylight.session.data.skipedItems;\r\n    \r\n    console.log(\"APLICATION CLOSE\");\r\n    console.log(JSON.stringify(listItemsCollected))\r\n    console.log(JSON.stringify(itemsWithLocation))\r\n    console.log(JSON.stringify(listSkipedItems))",
    "scriptType": "application"
},{
    "scriptId": "applicationEvent",
    "version": 1,
    "code": "",
    "scriptType": "application"
},{
    "scriptId": "applicationOpen",
    "version": 1,
    "code": "\r\n//global variables\r\nvar listItemsCollected = [];\r\nvar itemsWithLocation = [];\r\nvar listSkipedItems = [];\r\nvar firstStep = true;\r\n\r\n\r\n//if there are one session open that calls bpSession return true if not return false\r\nconst activeSession = skylight.sessions.find(session => {\r\n \r\n  if (session.status == 'open' && session.name == \"bpSession\") {\r\n    return true    \r\n  }\r\n  return false\r\n})\r\n\r\n//if the session is not active then create new if the session is active then continue the picking process \r\nif (!activeSession) {\r\n \r\n  let bpSession = await skylight.session.create({ name: \"bpSession\"})   //create new session\r\n  await skylight.session.set(bpSession.sessionId)   //put the new session\r\n   \r\n  skylight.openView({\r\n    viewId: \"root\",\r\n    root: true\r\n  })\r\n  \r\n} else { // If there is an active session, send the user to the session found screen to continue picking\r\n\r\n    var sessionCollected = activeSession.data.itemsCollected;\r\n    if(sessionCollected.length > 0){\r\n      listItemsCollected = JSON.parse(sessionCollected);\r\n    }\r\n\r\n    var sessionLocation = activeSession.data.itemsWithLocation;\r\n    if(sessionLocation.length > 0){\r\n      itemsWithLocation = sessionLocation;\r\n    }\r\n\r\n    var sessionSkiped = activeSession.data.skipedItems;\r\n    if(sessionSkiped.length > 0){\r\n      listSkipedItems = JSON.parse(sessionSkiped);\r\n    }\r\n\r\n    skylight.session.set(activeSession.sessionId)\r\n    \r\n    skylight.openView({\r\n      viewId: \"SessionFound\",\r\n      root: true\r\n    })\r\n    \r\n}\r\n\r\n\r\n\r\n\r\n//========================================================================================================\r\n\r\nglobal.shared = {\r\n\r\n    //Shows a success notification\r\n    showSuccessSnackbar: (text) => {\r\n        const defaultIcon = 'resource://ic_al_confirm_01'\r\n        const icon = { uri: defaultIcon, color: '#ffffff', visible: true }\r\n\r\n        let notification = {\r\n            body: text,\r\n            icon,\r\n            backgroundColor: '#00aaed',\r\n            duration: 2000\r\n        }\r\n        skylight.showNotification(notification)\r\n    },\r\n\r\n\r\n\r\n\r\n    //Shows a warning notification\r\n    showWarningSnackbar: (text) => {\r\n        \r\n        const defaultIcon = 'resource://ic_al_warning_01'\r\n        const icon = { uri: defaultIcon, color: '#ffffff', visible: true }\r\n\r\n        let notification = {\r\n            body: text,\r\n            icon,\r\n            backgroundColor: '#ffc107',\r\n            duration: 1000\r\n        }\r\n        skylight.showNotification(notification)\r\n    },\r\n\r\n\r\n\r\n\r\n    //Shows an error notification\r\n    showErrorSnackbar: (text) => {\r\n        \r\n        const defaultIcon = 'resource://ic_al_warning_01'\r\n        const icon = { uri: defaultIcon, color: '#ffffff', visible: true }\r\n\r\n        let notification = {\r\n            body: text,\r\n            icon,\r\n            backgroundColor: '#dc3545',\r\n            duration: 2000\r\n        }\r\n        skylight.showNotification(notification)\r\n    },\r\n\r\n\r\n\r\n\r\n    //Shows a input to user to put the quantity of the items that pick\r\n    startQtyInput: (text,itemsToCollect) => {\r\n                    \r\n        const charConf = {\r\n            characters: '1123456', \r\n            backspace: false, \r\n            cancel: true, \r\n            confirm: true\r\n        } \r\n\r\n        return skylight.startTextInput({\r\n            type: 'numeric',  \r\n            label: text, \r\n            placeholder: \"Número de quantidades recolhidas\",\r\n            helpText: \"Itens que deveria ter sido recolhida : \"+parseInt(itemsToCollect),\r\n            preferSpeech: false,\r\n            charConf\r\n        }) \r\n    },\r\n\r\n\r\n\r\n\r\n    //SKIP ITEM\r\n    skipItem: async () =>{\r\n\r\n      global.shared.showWarningSnackbar(\"Item saltado\");\r\n      \r\n      const order =  skylight.session.data.order;\r\n      const selectedItem = skylight.session.data.selectedItem[0];\r\n      \r\n      const values = order; \r\n      const found = (element) => element.material == selectedItem.material;                      \r\n      var index = values.findIndex(found);\r\n      \r\n      //quit the item skiped from order list\r\n      if (index > -1) {\r\n        values.splice(index, 1);\r\n      }\r\n      \r\n      //put the next item\r\n      let aux = index; \r\n      \r\n      let orderLenght = order.length;\r\n\r\n      if(orderLenght == 0){  //if the order session is empty then put the items skiped\r\n       \r\n        let skipedItems = skylight.session.data.skipedItems;\r\n\r\n        if(skipedItems.length != 0){\r\n     \r\n          await skylight.session.saveData({\r\n            order: skipedItems,\r\n            skipedItems: [],\r\n            selectedItem: [skipedItems[0]]          \r\n          }) \r\n\r\n        }else{\r\n           global.shared.showWarningSnackbar(\"Você não pode pular o último item\");\r\n        }\r\n\r\n      }else{\r\n      \r\n        const next =  order[aux];\r\n\r\n        //add the item skiped to skipedItems \r\n        listSkipedItems.push(selectedItem);\r\n\r\n        //save data\r\n        await skylight.session.saveData({\r\n          order: values,\r\n          skipedItems: listSkipedItems,\r\n          selectedItem: [next]           \r\n        }) \r\n\r\n      }     \r\n\r\n    },\r\n\r\n\r\n\r\n\r\n    //This pick walk finish the workflow\r\n    pickWalkEnd: async() =>{\r\n      \r\n       var itemsWithLocation = skylight.session.data.itemsWithLocation;\r\n\r\n       for (var i = 0; i < itemsWithLocation.length; i++) {\r\n         await skylight.session.createEvent({eventType: \"BulckPickingFinish\", data: itemsWithLocation[i]})\r\n       }     \r\n       \r\n       await skylight.session.close()\r\n       itemsWithLocation = []; //empty list with items located\r\n       \r\n       await skylight.closeView()\r\n       await skylight.closeView()\r\n       \r\n\r\n    },\r\n\r\n\r\n\r\n    //Next pick item\r\n    nextPickItem: async (modifiedQuantity) =>{\r\n      \r\n      const order =  skylight.session.data.order;\r\n      const selectedItem = skylight.session.data.selectedItem[0];\r\n\r\n\r\n      if(modifiedQuantity != null){ \r\n        let res = selectedItem.quantidade - modifiedQuantity;\r\n        selectedItem.quantidade = modifiedQuantity;  //change the quantity from the modified quantity\r\n        selectedItem.quantidadeNecessaria = res;  //save the rest of items nedded \r\n      }\r\n  \r\n      //save the selected item to the list of items collected\r\n      const itemCollected = selectedItem; \r\n      listItemsCollected.push(itemCollected);\r\n      \r\n\r\n\r\n      //quit the selected item from the order list\r\n      const values = order;\r\n      const found = (element) => element.material == selectedItem.material;\r\n                  \r\n      var index = values.findIndex(found);\r\n      \r\n      if (index > -1) {\r\n        values.splice(index, 1);\r\n      }\r\n    \r\n      const nexPickWalkItem = values;\r\n      \r\n      const nextPickItem = [nexPickWalkItem[0]];\r\n     \r\n      //if the nextPickItem is null , the process end\r\n      if (nextPickItem[0] == null) {\r\n            \r\n          //save the last one item        \r\n          await skylight.session.saveData({\r\n           itemsCollected: JSON.stringify(listItemsCollected)\r\n          })\r\n           \r\n\r\n          //last added   \r\n          const values = skylight.session.data.order;\r\n          const selectedItem = skylight.session.data.selectedItem[0];\r\n          const found = (element) => element.material == selectedItem.material;\r\n                      \r\n          var index = values.findIndex(found);\r\n          \r\n          if (index > -1) {\r\n            values.splice(index, 1);\r\n          }\r\n\r\n          //last added     \r\n          await skylight.session.saveData({\r\n           order: values,\r\n           selectedItem:[]\r\n          })\r\n\r\n\r\n          let orderLenght = order.length;  \r\n          \r\n          if(orderLenght == 0){  //if the order session is empty \r\n            \r\n            let  skipedItems = skylight.session.data.skipedItems;\r\n\r\n            if(skipedItems.length != 0){  //if are items skip load to the order\r\n            await skylight.session.saveData({\r\n              order: skipedItems,\r\n              skipedItems: [],\r\n              selectedItem: [skipedItems[0]]          \r\n            }) \r\n\r\n            }else{\r\n              if(listItemsCollected.length > 0){  //si hay items pendientes de asignar localizacion\r\n                await skylight.openView({viewId: \"ItemsPendingLocated\",root: true})\r\n              }else{\r\n                await skylight.openView({viewId: \"FinishWorkFlow\",root: true})\r\n              } \r\n              \r\n            }\r\n            \r\n          }         \r\n        \r\n      }else{     \r\n          \r\n          //save the session \r\n          await skylight.session.saveData({ \r\n            order: nexPickWalkItem,\r\n            selectedItem: nextPickItem,\r\n            itemsCollected: JSON.stringify(listItemsCollected)\r\n          })       \r\n         \r\n          //show success notification\r\n          await global.shared.showSuccessSnackbar(\"Item coletado\");              \r\n       \r\n      }  \r\n\r\n    },\r\n\r\n\r\n\r\n    //This method is called when the camera scan and returns the scanned value\r\n    scan: async () =>{\r\n        const scanned = await skylight.startScanner({timeout:15000})\r\n        return scanned\r\n    },\r\n\r\n\r\n    \r\n    //MULTIPLE LOCATION \r\n    multipleLocation: async (scanned) =>{\r\n     \r\n      if(scanned != \"\"){\r\n      \r\n        if(scanned.match(/^\\d/)){  //scanned value starts with number is a MATERIAL code   \r\n          global.shared.showWarningSnackbar(\"Por favor, digitalizar um código de localização\");           \r\n\r\n        }else{ //scanned value starts with leter is a LOCATION code\r\n              \r\n          const items =  skylight.session.data.itemsCollected;\r\n          const data = JSON.parse(items);        \r\n         \r\n         //-------------------------------------------------------------\r\n          //filter items repeat and put the quantity\r\n          let repeat = [];\r\n          \r\n          for (var i in data ) {  \r\n           \r\n              let item = data[i];              \r\n              repeat = data.filter(i => i.material == item.material);\r\n\r\n              if(repeat.length > 1){\r\n                let total = 0;\r\n                let qntyErr = 0;\r\n\r\n                for (var j = 0; j < repeat.length; j++) {\r\n                  total +=  parseInt(repeat[j].quantidade); //sum the quantidades \r\n                  qntyErr += parseInt(repeat[j].quantidadeNecessaria); //sum qnty errada\r\n\r\n                }\r\n                       \r\n                item.quantidade = total; //asign the sum to the first item that found\r\n                item.quantidadeNecessaria = qntyErr; //asign the sum of the items with quantidad errada\r\n\r\n                for (var x = 1; x < repeat.length; x++) { //remove the following items from 1 position excepted first position that is nedded to assign the location\r\n                   const found = (element) => element.material == repeat[x].material && element.udOrigem == repeat[x].udOrigem;\r\n                   var index = data.findIndex(found); //position to delate \r\n                   \r\n                    if (index > -1) {\r\n                        data.splice(index, 1);  //remove the items repeated\r\n                    } \r\n                }\r\n\r\n              }\r\n          }\r\n         \r\n          await skylight.session.saveData({\r\n            itemsCollected: data,            \r\n          })   \r\n\r\n          //-------------------------------------------------------------\r\n\r\n          for (var i in data ) {              \r\n              data[i].posiDest = scanned //modify the location with the sanned value   \r\n              itemsWithLocation.push(data[i]) //push the items with the new location in the list of itemsWithlocation \r\n          }\r\n                           \r\n          listItemsCollected = []; //empty list of items collected\r\n\r\n          //save the new location and restart variable iemsCollected\r\n          await skylight.session.saveData({\r\n            itemsCollected: [],\r\n            itemsWithLocation: itemsWithLocation  \r\n          })       \r\n\r\n          //open view\r\n          await skylight.openView({\r\n            viewId: 'MultipleLocationFinish',\r\n            root: true\r\n          })        \r\n        \r\n        }\r\n\r\n      }else{\r\n        global.shared.showWarningSnackbar(\"Nada digitalizado por favor tente novamente\");\r\n      }\r\n    },\r\n\r\n\r\n\r\n    //UNIQUE LOCATION\r\n    uniqueLocation: async (scanned) =>{\r\n  \r\n        if(scanned != \"\"){\r\n\r\n            if(scanned.match(/^\\d/)){\r\n                \r\n                firstStep = false\r\n                await global.shared.scanUniqueMaterial(scanned);\r\n                            \r\n            }else{\r\n\r\n                if(firstStep){\r\n                    global.shared.showWarningSnackbar(\"Por favor, primeiro digitalize um código de material\");\r\n                }else{\r\n                    await global.shared.scanUniqueLocation(scanned);\r\n                }\r\n                \r\n            }\r\n\r\n        }else{\r\n            global.shared.showWarningSnackbar(\"Nada digitalizado por favor tente novamente\");\r\n        }\r\n\r\n    },\r\n\r\n    \r\n\r\n    //UNIQUE LOCATION SCAN MATERIAL\r\n    scanUniqueMaterial: async (scanned) =>{\r\n\r\n        const itemsCollected =  skylight.session.data.itemsCollected;\r\n        const values = JSON.parse(itemsCollected);\r\n    \r\n        var itemsFound = [];\r\n\r\n        for (var i = 0; i < values.length; i++) {\r\n            var item = values[i];                    \r\n            if(item.ean == scanned){\r\n                itemsFound.push(item);\r\n            } \r\n        }\r\n        \r\n        if(itemsFound.length == 0){ //no items found with the ean scanned\r\n            \r\n            global.shared.showErrorSnackbar(\"Este código não está na lista de itens coletados\");\r\n\r\n        }else if(itemsFound.length > 1){ //two items with the same ean code\r\n          \r\n            let total = 0;\r\n            let qntyErr = 0;\r\n\r\n            for (var i = 0; i < itemsFound.length; i++) {\r\n                total += parseInt(itemsFound[i].quantidade); //sum the quantidades\r\n                qntyErr += parseInt(itemsFound[i].quantidadeNecessaria); //sum qnty errada \r\n            }\r\n                \r\n            itemsFound[0].quantidade = total; //get the first one and change the quantidade total \r\n            itemsFound[0].quantidadeNecessaria = qntyErr; //asign the sum of the items with quantidad errada\r\n\r\n            //delete all this items found of the list of items collected\r\n            for (var i = 0; i < itemsFound.length; i++) {\r\n                const found = (element) => element.material == itemsFound[i].material;\r\n                var index = listItemsCollected.findIndex(found);\r\n\r\n                if (index > -1) {\r\n                    listItemsCollected.splice(index, 1); \r\n                }\r\n            }            \r\n                \r\n            await skylight.session.saveData({  \r\n                itemsCollected: JSON.stringify(listItemsCollected), //list itmes collected modificated       \r\n                itemFound: [itemsFound[0]] //save only the fisrt with the sum of the multiple items\r\n            });\r\n\r\n            //show the view with the information about item scanned            \r\n            await skylight.openView({viewId: 'ItemFoundCard',root: true });\r\n\r\n\r\n        }else{  //only one item found with the same ean code\r\n\r\n            await skylight.session.saveData({          \r\n                itemFound: [itemsFound[0]]\r\n            })\r\n\r\n            //show the view with the information about item scanned\r\n            await skylight.openView({viewId: 'ItemFoundCard',root: true }); \r\n                \r\n        }   \r\n        \r\n\r\n    },\r\n\r\n\r\n\r\n    //UNIQUE LOCATION SCAN LOCATION\r\n    scanUniqueLocation: async (scanned) =>{\r\n     \r\n      const itemFound =  skylight.session.data.itemFound;\r\n      \r\n      const found = (element) => element.material == itemFound[0].material && element.posOrigem == itemFound[0].posOrigem;\r\n      var index = listItemsCollected.findIndex(found);\r\n\r\n      if (index > -1) {\r\n        listItemsCollected.splice(index, 1); \r\n      }\r\n\r\n      itemFound[0].posiDest = scanned;\r\n\r\n      itemsWithLocation.push(itemFound[0]);\r\n               \r\n      //save the new location and restart variables\r\n       await skylight.session.saveData({\r\n            itemsCollected: JSON.stringify(listItemsCollected),\r\n            itemsWithLocation: itemsWithLocation          \r\n      }) \r\n\r\n      \r\n      //turn back to first step \r\n      firstStep = true;\r\n\r\n      //open view\r\n      await skylight.openView({viewId: 'UniqueLocationFinish',root: true });\r\n\r\n    },\r\n\r\n\r\n\r\n    //NO LOCATION\r\n    noLocation: async() =>{\r\n          \r\n      const itemFound =  skylight.session.data.itemFound;      \r\n      \r\n      const found = (element) => element.material == itemFound[0].material && element.posOrigem == itemFound[0].posOrigem ;\r\n      var index = listItemsCollected.findIndex(found); //search the item found to get te index to delete from the list of items collected\r\n        \r\n      if (index > -1) {\r\n        listItemsCollected.splice(index, 1);  //delete the item found to the list of items collected\r\n      }\r\n\r\n      itemFound[0].posiDest = \"sem localização\";  //put the location to no location\r\n\r\n      itemsWithLocation.push(itemFound[0]); //save the item in the list of items with location\r\n\r\n      await skylight.session.saveData({\r\n            itemsCollected: JSON.stringify(listItemsCollected),\r\n            itemsWithLocation: itemsWithLocation\r\n      }) \r\n      \r\n      //open view\r\n      await skylight.openView({ viewId: 'UniqueLocationFinish',root: true });\r\n\r\n    } \r\n\r\n  \r\n}",
    "scriptType": "application"
},{
    "scriptId": "applicationUpgrade",
    "version": 1,
    "code": "",
    "scriptType": "application"
}]