[{
    "version": 1,
    "viewId": "FinishWorkFlow",
    "cards": [
        {
            "type": "text",
            "text": {
                "value": "Terminar o trabalho",
                "icon": null,
                "style": "small",
                "horizontalAlign": "center",
                "verticalAlign": "middle"
            },
            "size": {
                "min": 1,
                "max": 1
            },
            "disabled": false,
            "badge": {
                "visible": false,
                "name": "",
                "style": {
                    "color": "#ffffff"
                }
            },
            "accessory": {
                "visible": false,
                "name": "",
                "style": {
                    "color": "#ffffff"
                }
            },
            "id": "Finish",
            "position": 1,
            "events": [
                {
                    "eventType": "select",
                    "label": "Terminar",
                    "icon": {
                        "name": ""
                    },
                    "action": "script",
                    "script": {
                        "scriptId": "FinishWorkFlow"
                    }
                }
            ]
        }
    ],
    "events": [],
    "isRoot": false,
    "viewMode": "native",
    "viewType": "list",
    "displayCardCount": true
},{
    "version": 1,
    "viewId": "ItemFoundCard",
    "cards": [
        {
            "type": "text",
            "text": {
                "value": "Text",
                "icon": null,
                "style": "small",
                "horizontalAlign": "center",
                "verticalAlign": "middle"
            },
            "size": {
                "min": 1,
                "max": 1
            },
            "disabled": false,
            "badge": {
                "visible": false,
                "name": "",
                "style": {
                    "color": "#ffffff"
                }
            },
            "accessory": {
                "visible": false,
                "name": "",
                "style": {
                    "color": "#ffffff"
                }
            },
            "id": "ItemFound",
            "position": 1,
            "dataBind": {
                "context": "session.data.itemFound[0]",
                "alias": "context",
                "properties": {
                    "text": {
                        "value": "\r\nItem escaneado :\r\n\r\n{{context.posOrigem}}\r\n{{context.material}}\r\n{{ context.textoMaterial }} \r\n{{context.quantidade}} Unidades"
                    }
                }
            },
            "events": [
                {
                    "eventType": "select",
                    "label": "Picar localizaçao",
                    "icon": {
                        "name": "ea61"
                    },
                    "action": "script",
                    "script": {
                        "scriptId": "ScanUniqueLocation"
                    }
                },
                {
                    "eventType": "select",
                    "label": "sem localização",
                    "icon": {
                        "name": ""
                    },
                    "action": "script",
                    "script": {
                        "scriptId": "NoLocation"
                    }
                }
            ]
        }
    ],
    "events": [
        {
            "eventType": "bluetooth_input",
            "action": "script",
            "script": {
                "scriptId": "RingUniqueLocation"
            }
        }
    ],
    "isRoot": false,
    "viewMode": "native",
    "viewType": "list",
    "displayCardCount": true
},{
    "version": 1,
    "viewId": "ItemsPendingLocated",
    "cards": [
        {
            "type": "text",
            "text": {
                "value": "você tem itens pendentes \npara atribuir localização",
                "icon": null,
                "style": "small",
                "horizontalAlign": "center",
                "verticalAlign": "middle"
            },
            "size": {
                "min": 1,
                "max": 1
            },
            "disabled": false,
            "badge": {
                "visible": false,
                "name": "",
                "style": {
                    "color": "#ffffff"
                }
            },
            "accessory": {
                "visible": false,
                "name": "",
                "style": {
                    "color": "#ffffff"
                }
            },
            "id": "Info",
            "position": 1,
            "dataBind": {
                "properties": {
                    "text": {
                        "value": "Você tem itens pendentes \npara atribuir localização\n\n{{ JSON.parse(context.itemsCollected).length }} Itens"
                    }
                }
            }
        }
    ],
    "events": [],
    "isRoot": false,
    "viewMode": "native",
    "viewType": "list",
    "displayCardCount": true
},{
    "version": 1,
    "viewId": "MultipleLocation",
    "cards": [
        {
            "type": "text",
            "text": {
                "value": "Nenhum material foi coletado",
                "icon": null,
                "style": "small",
                "horizontalAlign": "center",
                "verticalAlign": "middle"
            },
            "size": {
                "min": 1,
                "max": 1
            },
            "disabled": false,
            "badge": {
                "visible": false,
                "name": "",
                "style": {
                    "color": "#ffffff"
                }
            },
            "accessory": {
                "visible": true,
                "name": "ea61",
                "style": {
                    "color": "#ffffff"
                }
            },
            "id": "ScanLocationCard",
            "position": 1,
            "events": [
                {
                    "eventType": "select",
                    "label": "Picar localizaçao",
                    "icon": {
                        "name": "ea61"
                    },
                    "action": "script",
                    "script": {
                        "scriptId": "ScanMultipleLocation"
                    }
                },
                {
                    "eventType": "select",
                    "label": "Atrás",
                    "icon": {
                        "name": ""
                    },
                    "action": "script",
                    "script": {
                        "scriptId": "GoBack"
                    }
                }
            ],
            "dataBind": {
                "context": "session.data",
                "alias": "context",
                "properties": {
                    "text": {
                        "value": "LOCALIZAR MULTIPLE\r\n\r\nItems pendentes : \r\n{{ JSON.parse(context.itemsCollected).length }}"
                    }
                }
            }
        }
    ],
    "events": [
        {
            "eventType": "bluetooth_input",
            "action": "script",
            "script": {
                "scriptId": "RingMultipleLocation"
            }
        }
    ],
    "isRoot": false,
    "viewMode": "native",
    "viewType": "list",
    "displayCardCount": true
},{
    "version": 1,
    "viewId": "MultipleLocationFinish",
    "cards": [
        {
            "type": "text",
            "text": {
                "value": "",
                "icon": null,
                "style": "small",
                "horizontalAlign": "center",
                "verticalAlign": "middle"
            },
            "size": {
                "min": 1,
                "max": 1
            },
            "disabled": false,
            "badge": {
                "visible": false,
                "name": "",
                "style": {
                    "color": "#ffffff"
                }
            },
            "accessory": {
                "visible": false,
                "name": "",
                "style": {
                    "color": "#ffffff"
                }
            },
            "id": "MultipleLocationInfo",
            "position": 2,
            "dataBind": {
                "context": "session.data",
                "alias": "context",
                "properties": {
                    "text": {
                        "value": "Todos os itens coletados\r\nforam armazenados no local\r\n\r\n{{ context.lastLocation}}"
                    }
                },
                "adapter": "MultipleLocationAdapter"
            },
            "events": [
                {
                    "eventType": "select",
                    "label": "Continuar",
                    "icon": {
                        "name": ""
                    },
                    "action": "script",
                    "script": {
                        "scriptId": "ContinueOrFinishMultipleLocation"
                    }
                }
            ]
        }
    ],
    "events": [],
    "isRoot": false,
    "viewMode": "native",
    "viewType": "list",
    "dataBind": {
        "adapter": "MultipleLocationAdapter"
    },
    "displayCardCount": true
},{
    "version": 1,
    "viewId": "NotFoundDataConnector",
    "cards": [
        {
            "type": "text",
            "text": {
                "value": "Conecte-se à Internet \npara iniciar o fluxo de trabalho",
                "icon": null,
                "style": "small",
                "horizontalAlign": "center",
                "verticalAlign": "middle"
            },
            "size": {
                "min": 1,
                "max": 1
            },
            "disabled": false,
            "badge": {
                "name": "",
                "style": {
                    "color": "#ffffff"
                },
                "visible": false
            },
            "accessory": {
                "name": "ea50",
                "style": {
                    "color": "#ffffff"
                },
                "visible": true
            },
            "id": "Info",
            "position": 1
        }
    ],
    "events": [],
    "isRoot": false,
    "viewMode": "native",
    "viewType": "list",
    "displayCardCount": true
},{
    "version": 1,
    "viewId": "SessionFound",
    "cards": [
        {
            "type": "text",
            "text": {
                "value": "Há um fluxo de trabalho ativo\n\nDiga \"continuar\" para continuar o processo",
                "icon": null,
                "style": "small",
                "horizontalAlign": "center",
                "verticalAlign": "middle"
            },
            "size": {
                "min": 1,
                "max": 1
            },
            "disabled": false,
            "badge": {
                "visible": false,
                "name": "",
                "style": {
                    "color": "#ffffff"
                }
            },
            "accessory": {
                "visible": false,
                "name": "",
                "style": {
                    "color": "#ffffff"
                }
            },
            "id": "ContinueCard",
            "position": 1,
            "events": [
                {
                    "eventType": "select",
                    "label": "Continuar",
                    "icon": {
                        "name": ""
                    },
                    "action": "script",
                    "script": {
                        "scriptId": "SessionFoundContinue"
                    }
                }
            ]
        }
    ],
    "events": [],
    "isRoot": false,
    "viewMode": "native",
    "viewType": "list",
    "displayCardCount": true
},{
    "version": 1,
    "viewId": "UniqueLocation",
    "cards": [
        {
            "type": "text",
            "text": {
                "value": "Nenhum material foi coletado",
                "icon": null,
                "style": "small",
                "horizontalAlign": "center",
                "verticalAlign": "middle"
            },
            "size": {
                "min": 1,
                "max": 1
            },
            "disabled": false,
            "badge": {
                "visible": false,
                "name": "",
                "style": {
                    "color": "#ffffff"
                }
            },
            "accessory": {
                "visible": true,
                "name": "ea61",
                "style": {
                    "color": "#ffffff"
                }
            },
            "id": "ScanMaterialCard",
            "position": 1,
            "events": [
                {
                    "eventType": "select",
                    "label": "Picar Material",
                    "icon": {
                        "name": "ea61"
                    },
                    "action": "script",
                    "script": {
                        "scriptId": "ScanUniqueLocation"
                    }
                },
                {
                    "eventType": "select",
                    "label": "Atrás",
                    "icon": {
                        "name": ""
                    },
                    "action": "script",
                    "script": {
                        "scriptId": "GoBack"
                    }
                }
            ],
            "dataBind": {
                "context": "session.data",
                "alias": "context",
                "properties": {
                    "text": {
                        "value": "LOCALIZAR\r\n\r\nItens pendentes : \r\n{{ JSON.parse(context.itemsCollected).length }}"
                    }
                },
                "adapter": ""
            }
        }
    ],
    "events": [
        {
            "eventType": "bluetooth_input",
            "action": "script",
            "script": {
                "scriptId": "RingUniqueLocation"
            }
        }
    ],
    "isRoot": false,
    "viewMode": "native",
    "viewType": "list",
    "dataBind": {
        "adapter": ""
    },
    "displayCardCount": true
},{
    "version": 1,
    "viewId": "UniqueLocationFinish",
    "cards": [
        {
            "type": "text",
            "text": {
                "value": "",
                "icon": null,
                "style": "small",
                "horizontalAlign": "center",
                "verticalAlign": "middle"
            },
            "size": {
                "min": 1,
                "max": 1
            },
            "disabled": false,
            "badge": {
                "visible": false,
                "name": "",
                "style": {
                    "color": "#ffffff"
                }
            },
            "accessory": {
                "visible": false,
                "name": "",
                "style": {
                    "color": "#ffffff"
                }
            },
            "dataBind": {
                "context": "session.data",
                "alias": "context",
                "properties": {
                    "text": {
                        "value": "Item selecionado\r\nforam armazenados no local\r\n ' {{ context.lastLocation}} '"
                    }
                },
                "adapter": "LocationAdapter"
            },
            "events": [],
            "id": "UniqueLocationInfo",
            "position": 1
        }
    ],
    "events": [],
    "isRoot": false,
    "viewMode": "native",
    "viewType": "list",
    "displayCardCount": true
},{
    "version": 1,
    "viewId": "WorkFlow",
    "cards": [
        {
            "type": "text",
            "text": {
                "value": "ERROR\nDATA CONNECTOR NOT FOUND",
                "icon": {
                    "uri": "",
                    "color": "#cccccc",
                    "visible": false
                },
                "style": "small",
                "horizontalAlign": "center",
                "verticalAlign": "middle"
            },
            "size": {
                "min": 1,
                "max": 1
            },
            "disabled": false,
            "badge": {
                "visible": false,
                "name": "",
                "style": {
                    "color": "#ffffff"
                }
            },
            "accessory": {
                "visible": true,
                "name": "2192",
                "style": {
                    "color": "#ffffff"
                }
            },
            "id": "PickItemCard",
            "position": 1,
            "events": [
                {
                    "eventType": "select",
                    "label": "Seguinte",
                    "icon": {
                        "name": ""
                    },
                    "action": "script",
                    "script": {
                        "scriptId": "CorrectQuantity"
                    }
                },
                {
                    "eventType": "select",
                    "label": "Quantidade Errada",
                    "icon": {
                        "name": ""
                    },
                    "action": "script",
                    "script": {
                        "scriptId": "WrongQuantity"
                    }
                },
                {
                    "eventType": "select",
                    "label": "Saltar",
                    "icon": {
                        "name": ""
                    },
                    "action": "script",
                    "script": {
                        "scriptId": "SkipItemCard"
                    }
                }
            ],
            "dataBind": {
                "context": "session.data.selectedItem",
                "alias": "context",
                "properties": {
                    "text": {
                        "value": "{{context.posOrigem}}\n{{context.material}}\n{{ context.textoMaterial }} \n{{context.quantidade}} Unidades"
                    }
                }
            }
        }
    ],
    "events": [],
    "isRoot": false,
    "viewMode": "native",
    "viewType": "list",
    "dataBind": {
        "adapter": "PickWalkAdapter"
    },
    "displayCardCount": true
},{
    "version": 1,
    "viewId": "root",
    "cards": [
        {
            "type": "text",
            "text": {
                "value": "\nWelcome \nStart Workflow",
                "icon": null,
                "style": "small",
                "horizontalAlign": "center",
                "verticalAlign": "middle"
            },
            "size": {
                "min": 1,
                "max": 1
            },
            "disabled": false,
            "badge": {
                "visible": false,
                "name": "",
                "style": {
                    "color": "#ffffff"
                }
            },
            "accessory": {
                "visible": false,
                "name": "",
                "style": {
                    "color": "#ffffff"
                }
            },
            "id": "Start",
            "position": 2,
            "events": [
                {
                    "eventType": "select",
                    "label": "Começar",
                    "icon": {
                        "name": ""
                    },
                    "action": "script",
                    "script": {
                        "scriptId": "OpenViewWorkFlow"
                    }
                }
            ],
            "dataBind": {
                "context": "session",
                "alias": "context",
                "properties": {
                    "text": {
                        "value": "\nBem-vindo {{ user.firstName }}\n\nComeçar"
                    }
                }
            }
        }
    ],
    "events": [],
    "isRoot": true,
    "viewMode": "native",
    "viewType": "list",
    "displayCardCount": true
}]